name,user_id,email,class_name,roll_no,gr_no,kuickpay_id,category,academic_group,house_name,dob,gender,cnic,child_order,nationality,domicile,religion,sect,blood_group,phone,whatsapp_no,emergency_phone,present_address,permanent_address,parent_name,father_name,father_occupation,parent_phone,parent_email,last_school,documents_submitted,medical_info,skills,sports,awards
Ahmad Raza Khan,BMC2025021,ahmad.raza@bmc.edu.pk,8-A,801,GR-801,KP-801,,Science,Allama Iqbal,2013-03-15,male,35202-1234567-1,2,Pakistani,Lahore,Islam,,B+,03001234567,03001234567,03009876543,House 5 Block A Gulberg Lahore,House 5 Block A Gulberg Lahore,Raza Khan,Raza Khan,Engineer,03009876543,raza.parent@gmail.com,Lahore Grammar School,Form B CNIC Photographs,None,Computer Programming,Cricket,Best Student Award 2024
Sara Mahmood,BMC2025022,sara.mahmood@bmc.edu.pk,8-A,802,GR-802,KP-802,,Science,Quaid-e-Azam,2013-07-22,female,35202-2345678-2,1,Pakistani,Lahore,Islam,,A+,03012345678,03012345678,03008765432,Flat 3 DHA Phase 5 Lahore,Flat 3 DHA Phase 5 Lahore,Mahmood Hussain,Mahmood Hussain,Doctor,03008765432,mahmood.parent@gmail.com,Beaconhouse School,Form B CNIC Photographs,,Art Drawing,Badminton,
Umar Farooq,BMC2025023,umar.farooq@bmc.edu.pk,8-B,803,GR-803,KP-803,,,Fatima Jinnah,2013-01-10,male,35202-3456789-3,3,Pakistani,Islamabad,Islam,,O+,03023456789,03023456789,03007654321,Street 7 F-8/2 Islamabad,Street 7 F-8/2 Islamabad,Farooq Ahmed,Farooq Ahmed,Businessman,03007654321,farooq.parent@gmail.com,Froebels School,,None,Robotics,Football,
Aisha Nawaz,BMC2025024,aisha.nawaz@bmc.edu.pk,8-B,804,GR-804,KP-804,,Arts,Sir Syed,2013-05-18,female,35202-4567890-4,2,Pakistani,Karachi,Islam,,AB+,03034567890,03034567890,03006543210,House 14 North Nazimabad Karachi,House 14 North Nazimabad Karachi,Nawaz Akhtar,Nawaz Akhtar,Teacher,03006543210,nawaz.parent@gmail.com,City School Karachi,Form B CNIC Photographs,None,Calligraphy,Swimming,
Bilal Hassan,BMC2025025,bilal.hassan@bmc.edu.pk,9-A,901,GR-901,KP-901,,Science,Allama Iqbal,2012-09-05,male,35202-5678901-5,1,Pakistani,Lahore,Islam,,B-,03045678901,03045678901,03005432109,House 22 Model Town Lahore,House 22 Model Town Lahore,Hassan Ali,Hassan Ali,Army Officer,03005432109,hassan.parent@gmail.com,Aitchison College,,None,Debate,Athletics,Best Debater 2024
Zainab Siddiqui,BMC2025026,zainab.siddiqui@bmc.edu.pk,9-A,902,GR-902,KP-902,,Science,Quaid-e-Azam,2012-12-30,female,42201-6789012-6,2,Pakistani,Karachi,Islam,,A-,03056789012,03056789012,03004321098,Flat 7 Clifton Block 4 Karachi,Flat 7 Clifton Block 4 Karachi,Siddiqui Rashid,Siddiqui Rashid,Banker,03004321098,siddiqui.parent@gmail.com,Karachi Grammar School,Form B CNIC Photographs,None,Public Speaking,Tennis,
Hamid Qureshi,BMC2025027,hamid.qureshi@bmc.edu.pk,9-B,903,GR-903,KP-903,,Commerce,Fatima Jinnah,2012-04-14,male,61101-7890123-7,4,Pakistani,Peshawar,Islam,,O-,03067890123,03067890123,03003210987,House 8 Hayatabad Peshawar,House 8 Hayatabad Peshawar,Qureshi Nadeem,Qureshi Nadeem,Accountant,03003210987,qureshi.parent@gmail.com,Edwardes College,,None,Chess,Volleyball,
Hina Baloch,BMC2025028,hina.baloch@bmc.edu.pk,9-B,904,GR-904,KP-904,,Arts,Sir Syed,2012-08-20,female,38401-8901234-8,1,Pakistani,Quetta,Islam,,AB-,03078901234,03078901234,03002109876,House 33 Satellite Town Quetta,House 33 Satellite Town Quetta,Baloch Ahmed,Baloch Ahmed,Farmer,03002109876,baloch.parent@gmail.com,Quetta Model School,Form B CNIC Photographs,Asthma mild managed,Singing,Gymnastics,
Imran Malik,BMC2025029,imran.malik@bmc.edu.pk,10-A,1001,GR-1001,KP-1001,,Science,Allama Iqbal,2011-06-11,male,35202-9012345-9,2,Pakistani,Lahore,Islam,,B+,03089012345,03089012345,03001098765,House 45 Johar Town Lahore,House 45 Johar Town Lahore,Malik Asif,Malik Asif,Lawyer,03001098765,malik.parent@gmail.com,Lahore American School,,None,Coding,Basketball,Science Olympiad Winner
Fatima Baig,BMC2025030,fatima.baig@bmc.edu.pk,10-A,1002,GR-1002,KP-1002,,Science,Quaid-e-Azam,2011-02-28,female,35202-0123456-0,3,Pakistani,Lahore,Islam,,A+,03090123456,03090123456,03009087654,House 12 Gulshan Iqbal Lahore,House 12 Gulshan Iqbal Lahore,Baig Tariq,Baig Tariq,Professor,03009087654,baig.parent@gmail.com,Lahore Grammar School,Form B CNIC Photographs,None,Poetry,Table Tennis,Best Student 2024
Waseem Abbasi,BMC2025031,waseem.abbasi@bmc.edu.pk,10-B,1003,GR-1003,KP-1003,,Pre-Medical,Fatima Jinnah,2011-10-07,male,61501-1234560-1,1,Pakistani,Islamabad,Islam,,O+,03101234560,03101234560,03008076543,House 77 G-11 Islamabad,House 77 G-11 Islamabad,Abbasi Sahib,Abbasi Sahib,Civil Servant,03008076543,abbasi.parent@gmail.com,International School,,None,Photography,Badminton,
Mehwish Kakar,BMC2025032,mehwish.kakar@bmc.edu.pk,10-B,1004,GR-1004,KP-1004,,Pre-Medical,Sir Syed,2011-04-25,female,38401-2345601-2,2,Pakistani,Quetta,Islam,,B+,03112345601,03112345601,03007065432,House 6 Airport Road Quetta,House 6 Airport Road Quetta,Kakar Sahib,Kakar Sahib,Police Officer,03007065432,kakar.parent@gmail.com,Quetta Public School,Form B CNIC Photographs,None,Sketching,Hockey,Sports Star 2023
Rehan Chaudhry,BMC2025033,rehan.chaudhry@bmc.edu.pk,11-A,1101,GR-1101,KP-1101,,Science,Allama Iqbal,2010-11-14,male,61501-3456012-3,2,Pakistani,Islamabad,Islam,,A-,03123456012,03123456012,03006054321,House 32 E-7 Islamabad,House 32 E-7 Islamabad,Chaudhry Riaz,Chaudhry Riaz,Pilot,03006054321,chaudhry.parent@gmail.com,PAF College,,None,Music Guitar,Swimming,Gold Medal Athletics
Sana Ishaq,BMC2025034,sana.ishaq@bmc.edu.pk,11-A,1102,GR-1102,KP-1102,,Pre-Medical,Quaid-e-Azam,2010-07-19,female,42201-4560123-4,1,Pakistani,Karachi,Islam,,AB+,03134560123,03134560123,03005043210,House 55 Gulshan Block 10 Karachi,House 55 Gulshan Block 10 Karachi,Ishaq Ahmad,Ishaq Ahmad,Dentist,03005043210,ishaq.parent@gmail.com,Army Public School,Form B CNIC Photographs,None,Cooking,Volleyball,
Tariq Shah,BMC2025035,tariq.shah@bmc.edu.pk,12-A,1201,GR-1201,KP-1201,,Science,Fatima Jinnah,2009-03-08,male,35202-5601234-5,3,Pakistani,Lahore,Islam,,B-,03145601234,03145601234,03004032109,House 18 Cavalry Ground Lahore,House 18 Cavalry Ground Lahore,Shah Nawaz,Shah Nawaz,Businessman,03004032109,shah.parent@gmail.com,Aitchison College,,None,Physics Research,Cricket,National Science Award 2023
Amna Rauf,BMC2025036,amna.rauf@bmc.edu.pk,12-A,1202,GR-1202,KP-1202,,Arts,Sir Syed,2009-08-26,female,35202-6012345-6,2,Pakistani,Lahore,Islam,,O+,03156012345,03156012345,03003021098,Flat 9 Model Town Lahore,Flat 9 Model Town Lahore,Rauf Akhtar,Rauf Akhtar,Judge,03003021098,rauf.parent@gmail.com,Kinnaird College,Form B CNIC Photographs,None,Creative Writing,Basketball,Best Writer Award
Iqbal Ahmed,BMC2025037,iqbal.ahmed@bmc.edu.pk,ILC-A,ILC-801,GR-IL01,,,,,2012-05-12,male,35202-7123456-7,1,Pakistani,Lahore,Islam,,A+,03167123456,03167123456,03002010987,House 3 Township Lahore,House 3 Township Lahore,Ahmed Iqbal,Ahmed Iqbal,Shopkeeper,03002010987,ahmed.parent@gmail.com,Special Education Center,Form B CNIC Photographs Birth Certificate,Visual impairment moderate,Braille Reading,Swimming,
Nadia Zaman,BMC2025038,nadia.zaman@bmc.edu.pk,ILC-A,ILC-802,GR-IL02,,,,,2011-09-17,female,61101-8234567-8,2,Pakistani,Peshawar,Islam,,B+,03178234567,03178234567,03001009876,House 17 University Town Peshawar,House 17 University Town Peshawar,Zaman Gul,Zaman Gul,Teacher,03001009876,zaman.parent@gmail.com,Special Needs School,Form B CNIC Photographs,Hearing impairment uses hearing aid,Painting,Art Therapy,
Kamran Yusuf,BMC2025039,kamran.yusuf@bmc.edu.pk,ILC-A,ILC-803,GR-IL03,,,,,2012-01-23,male,42201-9345678-9,3,Pakistani,Karachi,Islam,,O-,03189345678,03189345678,03009998765,Flat 22 PECHS Karachi,Flat 22 PECHS Karachi,Yusuf Khan,Yusuf Khan,Mechanic,03009998765,yusuf.parent@gmail.com,SESSI School,Form B CNIC Photographs,Learning disability dyslexia managed,Music,Football,
Rukhsana Bibi,BMC2025040,rukhsana.bibi@bmc.edu.pk,ILC-B,ILC-804,GR-IL04,,,,,2013-06-30,female,38401-0456789-0,1,Pakistani,Quetta,Islam,,AB-,03190456789,03190456789,03008987654,Street 4 Jinnah Town Quetta,Street 4 Jinnah Town Quetta,Bibi Jan,Bibi Jan,Housewife husband farmer,03008987654,bibi.parent@gmail.com,Edhi Foundation School,Form B CNIC Photographs,Physical disability wheelchair user,Pottery,Archery,
Salman Gul,BMC2025041,salman.gul@bmc.edu.pk,ILC-B,ILC-805,GR-IL05,,,,,2012-11-04,male,61101-1567890-1,2,Pakistani,Peshawar,Islam,,A-,03201567890,03201567890,03007976543,House 9 Dalazak Road Peshawar,House 9 Dalazak Road Peshawar,Gul Nawaz,Gul Nawaz,Farmer,03007976543,gul.parent@gmail.com,Blind School Peshawar,Form B CNIC Photographs,Visual impairment uses magnifier,Singing,Athletics,Courage Award 2024
Aisha Butt,BMC2025042,aisha.butt@bmc.edu.pk,ILC-B,ILC-806,GR-IL06,,,,,2013-04-08,female,35202-2678901-2,1,Pakistani,Lahore,Islam,,B+,03212678901,03212678901,03006965432,House 44 Gulberg II Lahore,House 44 Gulberg II Lahore,Butt Rashid,Butt Rashid,Tailor,03006965432,butt.parent@gmail.com,Special Education Lahore,Form B CNIC Photographs,Autism spectrum high-functioning,Creative Arts,Swimming,
Ali Hassan,BMC2025043,ali.hassan@bmc.edu.pk,Beginner,MON-101,,,,,,2022-02-14,male,35202-3789012-3,1,Pakistani,Lahore,Islam,,O+,03223789012,03223789012,03005954321,House 7 Gulshan Ravi Lahore,House 7 Gulshan Ravi Lahore,Hassan Ali,Hassan Ali,Teacher,03005954321,hali.parent@gmail.com,None - First School,Form B CNIC Photographs,None,Drawing,Running,
Maryam Noor,BMC2025044,maryam.noor@bmc.edu.pk,Beginner,MON-102,,,,,,2021-08-20,female,35202-4890123-4,2,Pakistani,Lahore,Islam,,A+,03234890123,03234890123,03004943210,Flat 5 Samanabad Lahore,Flat 5 Samanabad Lahore,Noor Ahmed,Noor Ahmed,Nurse,03004943210,noor.parent@gmail.com,None - First School,Form B CNIC Photographs,None,Singing,Dancing,
Usman Raza,BMC2025045,usman.raza@bmc.edu.pk,Advance,MON-201,,,,,,2020-05-09,male,35202-5901234-5,1,Pakistani,Lahore,Islam,,B+,03245901234,03245901234,03003932109,House 11 Township Lahore,House 11 Township Lahore,Raza Hussain,Raza Hussain,Shop Owner,03003932109,raza2.parent@gmail.com,Little Stars Montessori,Form B CNIC Photographs,None,Building Blocks,Football,Best Student Montessori
Noor Fatima,BMC2025046,noor.fatima2@bmc.edu.pk,Advance,MON-202,,,,,,2020-11-17,female,35202-6012345-7,3,Pakistani,Lahore,Islam,,AB+,03256012345,03256012345,03002921098,House 25 Model Town Lahore,House 25 Model Town Lahore,Fatima Bibi,Fatima Bibi,Housewife,03002921098,fatima2.parent@gmail.com,Sunrise Montessori,Form B CNIC Photographs,None,Painting,Skipping,
Saad Tariq,BMC2025047,saad.tariq@bmc.edu.pk,Prep,MON-301,,,,,,2019-07-25,male,35202-7123456-8,2,Pakistani,Lahore,Islam,,O-,03267123456,03267123456,03001910987,House 33 Iqbal Town Lahore,House 33 Iqbal Town Lahore,Tariq Mehmood,Tariq Mehmood,Driver,03001910987,tariq2.parent@gmail.com,Little Angels School,Form B CNIC Photographs,None,Reading,Cricket,
Zara Malik,BMC2025048,zara.malik@bmc.edu.pk,Prep,MON-302,,,,,,2019-03-11,female,35202-8234567-9,1,Pakistani,Lahore,Islam,,A-,03278234567,03278234567,03009900876,Flat 8 Johar Town Lahore,Flat 8 Johar Town Lahore,Malik Asim,Malik Asim,Electrician,03009900876,malik2.parent@gmail.com,Happy Kids Montessori,Form B CNIC Photographs,None,Colouring,Gymnastics,
Hamza Iqbal,BMC2025049,hamza.iqbal@bmc.edu.pk,Class-1,MON-401,,,,,,2018-12-05,male,35202-9345678-0,2,Pakistani,Lahore,Islam,,B+,03289345678,03289345678,03008890765,House 2 Garden Town Lahore,House 2 Garden Town Lahore,Iqbal Hussain,Iqbal Hussain,Professor,03008890765,iqbal2.parent@gmail.com,Rising Sun School,Form B CNIC Photographs,None,Mathematics,Football,Class Topper
Sofia Ahmed,BMC2025050,sofia.ahmed@bmc.edu.pk,Class-1,MON-402,,,,,,2018-06-28,female,35202-0456789-1,3,Pakistani,Lahore,Islam,,O+,03290456789,03290456789,03007880654,Flat 15 Cavalry Ground Lahore,Flat 15 Cavalry Ground Lahore,Ahmed Karim,Ahmed Karim,Accountant,03007880654,ahmed2.parent@gmail.com,Springfields School,Form B CNIC Photographs,None,Story Telling,Swimming,Best Reader Award
